tweets;related;rainfall (mm/30min);precision;recall;Next batch rainfall (mm/30min);Next batch rainfall class
0;0;0.0;0.0;0.0;0.0;fraca
0;0;0.0;0.0;0.0;0.0;fraca
0;0;0.0;0.0;0.0;0.0;fraca
0;0;0.0;0.0;0.0;0.0;fraca
0;0;0.0;0.0;0.0;0.0;fraca
0;0;0.0;0.0;0.0;0.0;fraca
1;0;0.0;0.0;0.0;0.0;fraca
0;0;0.0;0.0;0.0;0.0;fraca
1;0;0.0;0.0;0.0;0.0;fraca
0;0;0.0;0.0;0.0;0.0;fraca
0;0;0.0;0.0;0.0;0.0;fraca
0;0;0.0;0.0;0.0;0.0;fraca
0;0;0.0;0.0;0.0;0.0;fraca
0;0;0.0;0.0;0.0;0.0;fraca
0;0;0.0;0.0;0.0;0.0;fraca
0;0;0.0;0.0;0.0;0.0;fraca
0;0;0.0;0.0;0.0;0.0;fraca
0;0;0.0;0.0;0.0;0.0;fraca
0;0;0.0;0.0;0.0;0.0;fraca
0;0;0.0;0.0;0.0;0.0;fraca
1;0;0.0;0.0;0.0;0.0;fraca
0;0;0.0;0.0;0.0;0.0;fraca
0;0;0.0;0.0;0.0;0.0;fraca
0;0;0.0;0.0;0.0;0.0;fraca
0;0;0.0;0.0;0.0;0.0;fraca
0;0;0.0;0.0;0.0;0.0;fraca
0;0;0.0;0.0;0.0;0.0;fraca
0;0;0.0;0.0;0.0;0.0;fraca
0;0;0.0;0.0;0.0;0.0;fraca
0;0;0.0;0.0;0.0;0.0;fraca
0;0;0.0;0.0;0.0;0.0;fraca
0;0;0.0;0.0;0.0;0.0;fraca
0;0;0.0;0.0;0.0;0.0;fraca
1;0;0.0;0.0;0.0;0.0;fraca
0;0;0.0;0.0;0.0;0.0;fraca
0;0;0.0;0.0;0.0;0.0;fraca
0;0;0.0;0.0;0.0;0.0;fraca
0;0;0.0;0.0;0.0;0.0;fraca
1;0;0.0;0.0;0.0;0.0;fraca
0;0;0.0;0.0;0.0;0.0;fraca
0;0;0.0;0.0;0.0;0.0;fraca
0;0;0.0;0.0;0.0;0.0;fraca
0;0;0.0;0.0;0.0;0.0;fraca
0;0;0.0;0.0;0.0;0.0;fraca
0;0;0.0;0.0;0.0;0.0;fraca
0;0;0.0;0.0;0.0;0.0;fraca
0;0;0.0;0.0;0.0;0.0;fraca
0;0;0.0;0.0;0.0;0.0;fraca
0;0;0.0;0.0;0.0;0.0;fraca
0;0;0.0;0.0;0.0;0.0;fraca
10;0;0.0;0.0;0.0;0.0;fraca
0;0;0.0;0.0;0.0;0.0;fraca
0;0;0.0;0.0;0.0;0.0;fraca
0;0;0.0;0.0;0.0;0.0;fraca
0;0;0.0;0.0;0.0;0.0;fraca
0;0;0.0;0.0;0.0;0.0;fraca
1;0;0.0;0.0;0.0;0.0;fraca
0;0;0.0;0.0;0.0;0.0;fraca
1;0;0.0;0.0;0.0;0.0;fraca
0;0;0.0;0.0;0.0;0.0;fraca
0;0;0.0;0.0;0.0;0.0;fraca
0;0;0.0;0.0;0.0;0.0;fraca
0;0;0.0;0.0;0.0;0.0;fraca
0;0;0.0;0.0;0.0;0.0;fraca
0;0;0.0;0.0;0.0;0.0;fraca
1;0;0.0;0.0;0.0;0.0;fraca
0;0;0.0;0.0;0.0;0.0;fraca
0;0;0.0;0.0;0.0;0.0;fraca
0;0;0.0;0.0;0.0;0.0;fraca
0;0;0.0;0.0;0.0;0.0;fraca
0;0;0.0;0.0;0.0;0.0;fraca
0;0;0.0;0.0;0.0;0.0;fraca
0;0;0.0;0.0;0.0;0.0;fraca
0;0;0.0;0.0;0.0;0.0;fraca
0;0;0.0;0.0;0.0;0.0;fraca
0;0;0.0;0.0;0.0;0.0;fraca
1;0;0.0;0.0;0.0;0.0;fraca
0;0;0.0;0.0;0.0;0.0;fraca
0;0;0.0;0.0;0.0;0.0;fraca
0;0;0.0;0.0;0.0;0.0;fraca
0;0;0.0;0.0;0.0;0.0;fraca
1;0;0.0;0.0;0.0;0.0;fraca
0;0;0.0;0.0;0.0;0.0;fraca
0;0;0.0;0.0;0.0;0.0;fraca
0;0;0.0;0.0;0.0;0.0;fraca
0;0;0.0;0.0;0.0;0.0;fraca
0;0;0.0;0.0;0.0;0.0;fraca
0;0;0.0;0.0;0.0;0.0;fraca
0;0;0.0;0.0;0.0;0.0;fraca
0;0;0.0;0.0;0.0;0.0;fraca
0;0;0.0;0.0;0.0;0.0;fraca
0;0;0.0;0.0;0.0;0.0;fraca
0;0;0.0;0.0;0.0;0.0;fraca
1;0;0.0;0.0;0.0;0.0;fraca
0;0;0.0;0.0;0.0;0.0;fraca
0;0;0.0;0.0;0.0;0.0;fraca
0;0;0.0;0.0;0.0;0.0;fraca
1;0;0.0;0.0;0.0;0.0;fraca
0;0;0.0;0.0;0.0;0.0;fraca
0;0;0.0;0.0;0.0;0.0;fraca
0;0;0.0;0.0;0.0;0.0;fraca
0;0;0.0;0.0;0.0;0.0;fraca
0;0;0.0;0.0;0.0;0.0;fraca
0;0;0.0;0.0;0.0;0.0;fraca
0;0;0.0;0.0;0.0;0.0;fraca
0;0;0.0;0.0;0.0;0.0;fraca
0;0;0.0;0.0;0.0;0.0;fraca
0;0;0.0;0.0;0.0;0.0;fraca
0;0;0.0;0.0;0.0;0.0;fraca
0;0;0.0;0.0;0.0;0.0;fraca
0;0;0.0;0.0;0.0;0.0;fraca
0;0;0.0;0.0;0.0;0.0;fraca
0;0;0.0;0.0;0.0;0.0;fraca
0;0;0.0;0.0;0.0;0.0;fraca
0;0;0.0;0.0;0.0;0.0;fraca
0;0;0.0;0.0;0.0;0.0;fraca
0;0;0.0;0.0;0.0;0.0;fraca
0;0;0.0;0.0;0.0;0.0;fraca
0;0;0.0;0.0;0.0;0.0;fraca
1;0;0.0;0.0;0.0;0.0;fraca
0;0;0.0;0.0;0.0;0.0;fraca
0;0;0.0;0.0;0.0;0.0;fraca
0;0;0.0;0.0;0.0;0.0;fraca
0;0;0.0;0.0;0.0;0.0;fraca
0;0;0.0;0.0;0.0;0.0;fraca
0;0;0.0;0.0;0.0;0.0;fraca
0;0;0.0;0.0;0.0;0.0;fraca
0;0;0.0;0.0;0.0;0.0;fraca
0;0;0.0;0.0;0.0;0.0;fraca
0;0;0.0;0.0;0.0;0.0;fraca
0;0;0.0;0.0;0.0;0.0;fraca
0;0;0.0;0.0;0.0;0.0;fraca
0;0;0.0;0.0;0.0;0.0;fraca
1;0;0.0;0.0;0.0;0.0;fraca
0;0;0.0;0.0;0.0;0.0;fraca
0;0;0.0;0.0;0.0;0.0;fraca
0;0;0.0;0.0;0.0;0.0;fraca
0;0;0.0;0.0;0.0;0.0;fraca
0;0;0.0;0.0;0.0;0.0;fraca
1;0;0.0;0.0;0.0;0.0;fraca
0;0;0.0;0.0;0.0;0.0;fraca
0;0;0.0;0.0;0.0;0.0;fraca
0;0;0.0;0.0;0.0;0.0;fraca
1;0;0.0;0.0;0.0;0.0;fraca
0;0;0.0;0.0;0.0;0.0;fraca
0;0;0.0;0.0;0.0;0.0;fraca
0;0;0.0;0.0;0.0;0.0;fraca
0;0;0.0;0.0;0.0;0.0;fraca
0;0;0.0;0.0;0.0;0.0;fraca
0;0;0.0;0.0;0.0;0.0;fraca
0;0;0.0;0.0;0.0;0.0;fraca
0;0;0.0;0.0;0.0;0.0;fraca
0;0;0.0;0.0;0.0;0.0;fraca
0;0;0.0;0.0;0.0;0.0;fraca
0;0;0.0;0.0;0.0;0.0;fraca
0;0;0.0;0.0;0.0;0.0;fraca
0;0;0.0;0.0;0.0;0.0;fraca
1;0;0.0;0.0;0.0;0.0;fraca
0;0;0.0;0.0;0.0;0.0;fraca
1;0;0.0;0.0;0.0;0.0;fraca
0;0;0.0;0.0;0.0;0.0;fraca
0;0;0.0;0.0;0.0;0.0;fraca
0;0;0.0;0.0;0.0;0.0;fraca
0;0;0.0;0.0;0.0;0.0;fraca
0;0;0.0;0.0;0.0;0.0;fraca
0;0;0.0;0.0;0.0;0.0;fraca
0;0;0.0;0.0;0.0;0.0;fraca
0;0;0.0;0.0;0.0;0.0;fraca
0;0;0.0;0.0;0.0;0.0;fraca
0;0;0.0;0.0;0.0;0.0;fraca
1;0;0.0;0.0;0.0;0.0;fraca
0;0;0.0;0.0;0.0;0.0;fraca
0;0;0.0;0.0;0.0;0.0;fraca
0;0;0.0;0.0;0.0;0.0;fraca
0;0;0.0;0.0;0.0;0.0;fraca
0;0;0.0;0.0;0.0;0.0;fraca
1;0;0.0;0.0;0.0;0.0;fraca
0;0;0.0;0.0;0.0;0.0;fraca
0;0;0.0;0.0;0.0;0.0;fraca
0;0;0.0;0.0;0.0;0.0;fraca
1;0;0.0;0.0;0.0;0.0;fraca
1;0;0.0;0.0;0.0;0.0;fraca
0;0;0.0;0.0;0.0;0.0;fraca
1;0;0.0;0.0;0.0;0.0;fraca
0;0;0.0;0.0;0.0;0.0;fraca
0;0;0.0;0.0;0.0;0.0;fraca
0;0;0.0;0.0;0.0;0.0;fraca
0;0;0.0;0.0;0.0;0.0;fraca
0;0;0.0;0.0;0.0;0.0;fraca
1;0;0.0;0.0;0.0;0.0;fraca
0;0;0.0;0.0;0.0;0.0;fraca
0;0;0.0;0.0;0.0;0.0;fraca
0;0;0.0;0.0;0.0;0.0;fraca
0;0;0.0;0.0;0.0;0.0;fraca
0;0;0.0;0.0;0.0;0.0;fraca
0;0;0.0;0.0;0.0;0.0;fraca
1;0;0.0;0.0;0.0;0.0;fraca
0;0;0.0;0.0;0.0;0.0;fraca
0;0;0.0;0.0;0.0;0.0;fraca
0;0;0.0;0.0;0.0;0.0;fraca
6;0;0.0;0.0;0.0;0.0;fraca
0;0;0.0;0.0;0.0;0.0;fraca
0;0;0.0;0.0;0.0;0.0;fraca
0;0;0.0;0.0;0.0;0.0;fraca
0;0;0.0;0.0;0.0;0.0;fraca
0;0;0.0;0.0;0.0;0.0;fraca
0;0;0.0;0.0;0.0;0.0;fraca
1;0;0.0;0.0;0.0;0.0;fraca
0;0;0.0;0.0;0.0;0.0;fraca
0;0;0.0;0.0;0.0;0.0;fraca
0;0;0.0;0.0;0.0;0.0;fraca
0;0;0.0;0.0;0.0;0.0;fraca
0;0;0.0;0.0;0.0;0.0;fraca
0;0;0.0;0.0;0.0;0.0;fraca
0;0;0.0;0.0;0.0;0.0;fraca
2;0;0.0;0.0;0.0;0.0;fraca
0;0;0.0;0.0;0.0;0.0;fraca
0;0;0.0;0.0;0.0;0.0;fraca
0;0;0.0;0.0;0.0;0.0;fraca
0;0;0.0;0.0;0.0;0.0;fraca
0;0;0.0;0.0;0.0;0.0;fraca
0;0;0.0;0.0;0.0;0.0;fraca
0;0;0.0;0.0;0.0;0.0;fraca
0;0;0.0;0.0;0.0;0.0;fraca
0;0;0.0;0.0;0.0;0.0;fraca
0;0;0.0;0.0;0.0;0.0;fraca
0;0;0.0;0.0;0.0;0.0;fraca
1;0;0.0;0.0;0.0;0.0;fraca
1;0;0.0;0.0;0.0;0.0;fraca
0;0;0.0;0.0;0.0;0.0;fraca
0;0;0.0;0.0;0.0;0.0;fraca
0;0;0.0;0.0;0.0;0.0;fraca
1;0;0.0;0.0;0.0;0.0;fraca
0;0;0.0;0.0;0.0;0.0;fraca
0;0;0.0;0.0;0.0;0.0;fraca
0;0;0.0;0.0;0.0;0.0;fraca
0;0;0.0;0.0;0.0;0.0;fraca
0;0;0.0;0.0;0.0;0.0;fraca
0;0;0.0;0.0;0.0;0.0;fraca
0;0;0.0;0.0;0.0;0.0;fraca
0;0;0.0;0.0;0.0;0.0;fraca
0;0;0.0;0.0;0.0;0.0;fraca
0;0;0.0;0.0;0.0;0.0;fraca
0;0;0.0;0.0;0.0;0.0;fraca
0;0;0.0;0.0;0.0;0.0;fraca
0;0;0.0;0.0;0.0;0.0;fraca
0;0;0.0;0.0;0.0;0.0;fraca
0;0;0.0;0.0;0.0;0.0;fraca
0;0;0.0;0.0;0.0;0.0;fraca
0;0;0.0;0.0;0.0;0.0;fraca
0;0;0.0;0.0;0.0;0.0;fraca
0;0;0.0;0.0;0.0;0.0;fraca
1;0;0.0;0.0;0.0;0.0;fraca
0;0;0.0;0.0;0.0;0.0;fraca
0;0;0.0;0.0;0.0;0.0;fraca
0;0;0.0;0.0;0.0;0.0;fraca
0;0;0.0;0.0;0.0;0.0;fraca
0;0;0.0;0.0;0.0;0.0;fraca
0;0;0.0;0.0;0.0;0.0;fraca
0;0;0.0;0.0;0.0;0.0;fraca
0;0;0.0;0.0;0.0;0.0;fraca
0;0;0.0;0.0;0.0;0.0;fraca
0;0;0.0;0.0;0.0;0.0;fraca
0;0;0.0;0.0;0.0;0.0;fraca
0;0;0.0;0.0;0.0;0.0;fraca
0;0;0.0;0.0;0.0;0.0;fraca
0;0;0.0;0.0;0.0;0.0;fraca
0;0;0.0;0.0;0.0;0.0;fraca
0;0;0.0;0.0;0.0;0.0;fraca
0;0;0.0;0.0;0.0;0.0;fraca
0;0;0.0;0.0;0.0;0.0;fraca
1;0;0.0;0.0;0.0;0.0;fraca
1;0;0.0;0.0;0.0;0.0;fraca
0;0;0.0;0.0;0.0;0.0;fraca
0;0;0.0;0.0;0.0;0.0;fraca
0;0;0.0;0.0;0.0;0.0;fraca
0;0;0.0;0.0;0.0;0.0;fraca
0;0;0.0;0.0;0.0;0.0;fraca
1;0;0.0;0.0;0.0;0.0;fraca
0;0;0.0;0.0;0.0;0.0;fraca
0;0;0.0;0.0;0.0;0.0;fraca
0;0;0.0;0.0;0.0;0.0;fraca
1;0;0.0;0.0;0.0;0.0;fraca
0;0;0.0;0.0;0.0;0.0;fraca
0;0;0.0;0.0;0.0;0.0;fraca
0;0;0.0;0.0;0.0;0.0;fraca
0;0;0.0;0.0;0.0;0.0;fraca
0;0;0.0;0.0;0.0;0.0;fraca
0;0;0.0;0.0;0.0;0.0;fraca
1;0;0.0;0.0;0.0;0.0;fraca
0;0;0.0;0.0;0.0;0.0;fraca
0;0;0.0;0.0;0.0;0.0;fraca
0;0;0.0;0.0;0.0;0.0;fraca
0;0;0.0;0.0;0.0;0.0;fraca
0;0;0.0;0.0;0.0;0.0;fraca
0;0;0.0;0.0;0.0;0.0;fraca
0;0;0.0;0.0;0.0;0.0;fraca
0;0;0.0;0.0;0.0;0.0;fraca
0;0;0.0;0.0;0.0;0.0;fraca
0;0;0.0;0.0;0.0;0.0;fraca
1;0;0.0;0.0;0.0;0.0;fraca
0;0;0.0;0.0;0.0;0.0;fraca
1;0;0.0;0.0;0.0;0.0;fraca
0;0;0.0;0.0;0.0;0.0;fraca
0;0;0.0;0.0;0.0;0.0;fraca
0;0;0.0;0.0;0.0;0.0;fraca
0;0;0.0;0.0;0.0;0.0;fraca
0;0;0.0;0.0;0.0;0.0;fraca
0;0;0.0;0.0;0.0;0.0;fraca
0;0;0.0;0.0;0.0;0.0;fraca
1;0;0.0;0.0;0.0;0.0;fraca
0;0;0.0;0.0;0.0;0.0;fraca
0;0;0.0;0.0;0.0;0.0;fraca
0;0;0.0;0.0;0.0;0.0;fraca
0;0;0.0;0.0;0.0;0.0;fraca
1;0;0.0;0.0;0.0;0.0;fraca
0;0;0.0;0.0;0.0;0.0;fraca
0;0;0.0;0.0;0.0;0.0;fraca
0;0;0.0;0.0;0.0;0.0;fraca
0;0;0.0;0.0;0.0;0.0;fraca
0;0;0.0;0.0;0.0;0.0;fraca
0;0;0.0;0.0;0.0;0.0;fraca
0;0;0.0;0.0;0.0;0.0;fraca
0;0;0.0;0.0;0.0;0.0;fraca
0;0;0.0;0.0;0.0;0.0;fraca
0;0;0.0;0.0;0.0;0.0;fraca
0;0;0.0;0.0;0.0;0.0;fraca
0;0;0.0;0.0;0.0;0.0;fraca
0;0;0.0;0.0;0.0;0.0;fraca
1;0;0.0;0.0;0.0;0.0;fraca
0;0;0.0;0.0;0.0;0.0;fraca
0;0;0.0;0.0;0.0;0.0;fraca
0;0;0.0;0.0;0.0;0.0;fraca
0;0;0.0;0.0;0.0;0.0;fraca
0;0;0.0;0.0;0.0;0.0;fraca
0;0;0.0;0.0;0.0;0.0;fraca
0;0;0.0;0.0;0.0;0.0;fraca
0;0;0.0;0.0;0.0;0.0;fraca
1;0;0.0;0.0;0.0;0.0;fraca
0;0;0.0;0.0;0.0;0.0;fraca
1;0;0.0;0.0;0.0;0.0;fraca
0;0;0.0;0.0;0.0;0.0;fraca
0;0;0.0;0.0;0.0;0.0;fraca
0;0;0.0;0.0;0.0;0.0;fraca
0;0;0.0;0.0;0.0;0.0;fraca
0;0;0.0;0.0;0.0;0.0;fraca
0;0;0.0;0.0;0.0;0.0;fraca
0;0;0.0;0.0;0.0;0.0;fraca
0;0;0.0;0.0;0.0;0.0;fraca
0;0;0.0;0.0;0.0;0.0;fraca
0;0;0.0;0.0;0.0;0.0;fraca
0;0;0.0;0.0;0.0;0.0;fraca
0;0;0.0;0.0;0.0;0.0;fraca
0;0;0.0;0.0;0.0;0.0;fraca
0;0;0.0;0.0;0.0;0.0;fraca
0;0;0.0;0.0;0.0;0.0;fraca
0;0;0.0;0.0;0.0;0.0;fraca
0;0;0.0;0.0;0.0;0.0;fraca
0;0;0.0;0.0;0.0;0.0;fraca
0;0;0.0;0.0;0.0;0.0;fraca
0;0;0.0;0.0;0.0;0.0;fraca
0;0;0.0;0.0;0.0;0.0;fraca
0;0;0.0;0.0;0.0;0.0;fraca
0;0;0.0;0.0;0.0;0.0;fraca
0;0;0.0;0.0;0.0;0.0;fraca
0;0;0.0;0.0;0.0;0.0;fraca
1;0;0.0;0.0;0.0;0.0;fraca
1;0;0.0;0.0;0.0;0.0;fraca
0;0;0.0;0.0;0.0;0.0;fraca
1;0;0.0;0.0;0.0;0.0;fraca
0;0;0.0;0.0;0.0;0.0;fraca
0;0;0.0;0.0;0.0;0.0;fraca
0;0;0.0;0.0;0.0;0.0;fraca
0;0;0.0;0.0;0.0;0.0;fraca
0;0;0.0;0.0;0.0;0.0;fraca
0;0;0.0;0.0;0.0;0.0;fraca
0;0;0.0;0.0;0.0;0.0;fraca
0;0;0.0;0.0;0.0;0.0;fraca
0;0;0.0;0.0;0.0;0.0;fraca
0;0;0.0;0.0;0.0;0.0;fraca
0;0;0.0;0.0;0.0;0.0;fraca
0;0;0.0;0.0;0.0;0.0;fraca
2;0;0.0;0.0;0.0;0.0;fraca
2;0;0.0;0.0;0.0;0.0;fraca
0;0;0.0;0.0;0.0;0.0;fraca
0;0;0.0;0.0;0.0;0.0;fraca
0;0;0.0;0.0;0.0;0.0;fraca
0;0;0.0;0.0;0.0;0.0;fraca
0;0;0.0;0.0;0.0;0.0;fraca
0;0;0.0;0.0;0.0;0.0;fraca
0;0;0.0;0.0;0.0;0.0;fraca
0;0;0.0;0.0;0.0;0.0;fraca
0;0;0.0;0.0;0.0;0.0;fraca
0;0;0.0;0.0;0.0;0.0;fraca
0;0;0.0;0.0;0.0;0.0;fraca
0;0;0.0;0.0;0.0;0.0;fraca
0;0;0.0;0.0;0.0;0.0;fraca
0;0;0.0;0.0;0.0;0.0;fraca
0;0;0.0;0.0;0.0;0.0;fraca
1;0;0.0;0.0;0.0;0.0;fraca
0;0;0.0;0.0;0.0;0.0;fraca
0;0;0.0;0.0;0.0;0.0;fraca
0;0;0.0;0.0;0.0;0.0;fraca
0;0;0.0;0.0;0.0;0.0;fraca
0;0;0.0;0.0;0.0;0.0;fraca
0;0;0.0;0.0;0.0;0.0;fraca
0;0;0.0;0.0;0.0;0.0;fraca
1;0;0.0;0.0;0.0;0.0;fraca
0;0;0.0;0.0;0.0;0.0;fraca
0;0;0.0;0.0;0.0;0.0;fraca
0;0;0.0;0.0;0.0;0.0;fraca
0;0;0.0;0.0;0.0;0.0;fraca
0;0;0.0;0.0;0.0;0.0;fraca
0;0;0.0;0.0;0.0;0.0;fraca
0;0;0.0;0.0;0.0;0.0;fraca
0;0;0.0;0.0;0.0;0.0;fraca
0;0;0.0;0.0;0.0;0.0;fraca
0;0;0.0;0.0;0.0;0.0;fraca
0;0;0.0;0.0;0.0;0.0;fraca
0;0;0.0;0.0;0.0;0.0;fraca
0;0;0.0;0.0;0.0;0.0;fraca
0;0;0.0;0.0;0.0;0.0;fraca
0;0;0.0;0.0;0.0;0.0;fraca
0;0;0.0;0.0;0.0;0.0;fraca
0;0;0.0;0.0;0.0;0.0;fraca
0;0;0.0;0.0;0.0;0.0;fraca
0;0;0.0;0.0;0.0;0.0;fraca
0;0;0.0;0.0;0.0;0.0;fraca
0;0;0.0;0.0;0.0;0.0;fraca
0;0;0.0;0.0;0.0;0.0;fraca
0;0;0.0;0.0;0.0;0.0;fraca
0;0;0.0;0.0;0.0;0.0;fraca
0;0;0.0;0.0;0.0;0.0;fraca
0;0;0.0;0.0;0.0;0.0;fraca
0;0;0.0;0.0;0.0;0.0;fraca
0;0;0.0;0.0;0.0;0.0;fraca
0;0;0.0;0.0;0.0;0.0;fraca
0;0;0.0;0.0;0.0;0.0;fraca
0;0;0.0;0.0;0.0;0.0;fraca
0;0;0.0;0.0;0.0;0.0;fraca
0;0;0.0;0.0;0.0;0.0;fraca
0;0;0.0;0.0;0.0;0.0;fraca
0;0;0.0;0.0;0.0;0.0;fraca
0;0;0.0;0.0;0.0;0.0;fraca
0;0;0.0;0.0;0.0;0.0;fraca
0;0;0.0;0.0;0.0;0.0;fraca
0;0;0.0;0.0;0.0;0.0;fraca
0;0;0.0;0.0;0.0;0.0;fraca
1;0;0.0;0.0;0.0;0.0;fraca
0;0;0.0;0.0;0.0;0.0;fraca
0;0;0.0;0.0;0.0;0.0;fraca
0;0;0.0;0.0;0.0;0.0;fraca
0;0;0.0;0.0;0.0;0.0;fraca
0;0;0.0;0.0;0.0;0.0;fraca
0;0;0.0;0.0;0.0;0.0;fraca
0;0;0.0;0.0;0.0;0.0;fraca
1;0;0.0;0.0;0.0;0.0;fraca
0;0;0.0;0.0;0.0;0.0;fraca
0;0;0.0;0.0;0.0;0.0;fraca
0;0;0.0;0.0;0.0;0.0;fraca
0;0;0.0;0.0;0.0;0.0;fraca
0;0;0.0;0.0;0.0;0.0;fraca
0;0;0.0;0.0;0.0;0.0;fraca
0;0;0.0;0.0;0.0;0.0;fraca
0;0;0.0;0.0;0.0;0.0;fraca
0;0;0.0;0.0;0.0;0.0;fraca
0;0;0.0;0.0;0.0;0.0;fraca
0;0;0.0;0.0;0.0;0.0;fraca
0;0;0.0;0.0;0.0;0.0;fraca
0;0;0.0;0.0;0.0;0.0;fraca
0;0;0.0;0.0;0.0;0.0;fraca
0;0;0.0;0.0;0.0;0.0;fraca
0;0;0.0;0.0;0.0;0.0;fraca
0;0;0.0;0.0;0.0;0.0;fraca
1;0;0.0;0.0;0.0;0.0;fraca
0;0;0.0;0.0;0.0;0.0;fraca
3;0;0.0;0.0;0.0;0.0;fraca
1;0;0.0;0.0;0.0;0.0;fraca
0;0;0.0;0.0;0.0;0.0;fraca
0;0;0.0;0.0;0.0;0.0;fraca
0;0;0.0;0.0;0.0;0.0;fraca
0;0;0.0;0.0;0.0;0.0;fraca
0;0;0.0;0.0;0.0;0.0;fraca
0;0;0.0;0.0;0.0;0.0;fraca
0;0;0.0;0.0;0.0;0.0;fraca
0;0;0.0;0.0;0.0;0.0;fraca
0;0;0.0;0.0;0.0;0.0;fraca
0;0;0.0;0.0;0.0;0.0;fraca
1;0;0.0;0.0;0.0;0.0;fraca
0;0;0.0;0.0;0.0;0.0;fraca
0;0;0.0;0.0;0.0;0.0;fraca
0;0;0.0;0.0;0.0;0.0;fraca
0;0;0.0;0.0;0.0;0.0;fraca
0;0;0.0;0.0;0.0;0.0;fraca
0;0;0.0;0.0;0.0;0.0;fraca
0;0;0.0;0.0;0.0;0.0;fraca
0;0;0.0;0.0;0.0;0.0;fraca
1;0;0.0;0.0;0.0;0.0;fraca
0;0;0.0;0.0;0.0;0.0;fraca
0;0;0.0;0.0;0.0;0.0;fraca
0;0;0.0;0.0;0.0;0.0;fraca
0;0;0.0;0.0;0.0;0.0;fraca
0;0;0.0;0.0;0.0;0.0;fraca
0;0;0.0;0.0;0.0;0.0;fraca
1;0;0.0;0.0;0.0;0.0;fraca
0;0;0.0;0.0;0.0;0.0;fraca
0;0;0.0;0.0;0.0;0.0;fraca
0;0;0.0;0.0;0.0;0.0;fraca
0;0;0.0;0.0;0.0;0.0;fraca
0;0;0.0;0.0;0.0;0.0;fraca
0;0;0.0;0.0;0.0;0.0;fraca
0;0;0.0;0.0;0.0;0.0;fraca
0;0;0.0;0.0;0.0;0.0;fraca
0;0;0.0;0.0;0.0;0.0;fraca
0;0;0.0;0.0;0.0;0.0;fraca
0;0;0.0;0.0;0.0;0.0;fraca
0;0;0.0;0.0;0.0;0.0;fraca
0;0;0.0;0.0;0.0;0.0;fraca
0;0;0.0;0.0;0.0;0.0;fraca
0;0;0.0;0.0;0.0;0.0;fraca
0;0;0.0;0.0;0.0;0.0;fraca
0;0;0.0;0.0;0.0;0.0;fraca
0;0;0.0;0.0;0.0;0.0;fraca
0;0;0.0;0.0;0.0;0.0;fraca
0;0;0.0;0.0;0.0;0.0;fraca
0;0;0.0;0.0;0.0;0.0;fraca
0;0;0.0;0.0;0.0;0.0;fraca
1;0;0.0;0.0;0.0;0.0;fraca
0;0;0.0;0.0;0.0;0.0;fraca
0;0;0.0;0.0;0.0;0.0;fraca
0;0;0.0;0.0;0.0;0.0;fraca
0;0;0.0;0.0;0.0;0.0;fraca
0;0;0.0;0.0;0.0;0.0;fraca
0;0;0.0;0.0;0.0;0.0;fraca
0;0;0.0;0.0;0.0;0.0;fraca
0;0;0.0;0.0;0.0;0.0;fraca
0;0;0.0;0.0;0.0;0.0;fraca
0;0;0.0;0.0;0.0;0.0;fraca
0;0;0.0;0.0;0.0;0.0;fraca
0;0;0.0;0.0;0.0;0.0;fraca
0;0;0.0;0.0;0.0;0.0;fraca
0;0;0.0;0.0;0.0;0.0;fraca
0;0;0.0;0.0;0.0;0.0;fraca
0;0;0.0;0.0;0.0;0.0;fraca
0;0;0.0;0.0;0.0;0.0;fraca
0;0;0.0;0.0;0.0;0.0;fraca
0;0;0.0;0.0;0.0;0.0;fraca
0;0;0.0;0.0;0.0;0.0;fraca
0;0;0.0;0.0;0.0;0.0;fraca
1;0;0.0;0.0;0.0;0.0;fraca
0;0;0.0;0.0;0.0;0.0;fraca
0;0;0.0;0.0;0.0;0.0;fraca
0;0;0.0;0.0;0.0;0.0;fraca
0;0;0.0;0.0;0.0;0.0;fraca
0;0;0.0;0.0;0.0;0.0;fraca
0;0;0.0;0.0;0.0;0.0;fraca
0;0;0.0;0.0;0.0;0.0;fraca
0;0;0.0;0.0;0.0;0.0;fraca
0;0;0.0;0.0;0.0;0.0;fraca
1;0;0.0;0.0;0.0;0.0;fraca
0;0;0.0;0.0;0.0;0.0;fraca
0;0;0.0;0.0;0.0;0.0;fraca
0;0;0.0;0.0;0.0;0.0;fraca
0;0;0.0;0.0;0.0;0.0;fraca
0;0;0.0;0.0;0.0;0.0;fraca
0;0;0.0;0.0;0.0;0.0;fraca
0;0;0.0;0.0;0.0;0.0;fraca
1;0;0.0;0.0;0.0;0.0;fraca
0;0;0.0;0.0;0.0;0.0;fraca
0;0;0.0;0.0;0.0;0.0;fraca
0;0;0.0;0.0;0.0;0.0;fraca
0;0;0.0;0.0;0.0;0.0;fraca
0;0;0.0;0.0;0.0;0.0;fraca
0;0;0.0;0.0;0.0;0.0;fraca
0;0;0.0;0.0;0.0;0.0;fraca
0;0;0.0;0.0;0.0;0.0;fraca
0;0;0.0;0.0;0.0;0.0;fraca
1;0;0.0;0.0;0.0;0.0;fraca
0;0;0.0;0.0;0.0;0.0;fraca
0;0;0.0;0.0;0.0;0.0;fraca
0;0;0.0;0.0;0.0;0.0;fraca
7;0;0.0;0.0;0.0;0.0;fraca
0;0;0.0;0.0;0.0;0.0;fraca
0;0;0.0;0.0;0.0;0.0;fraca
0;0;0.0;0.0;0.0;0.0;fraca
0;0;0.0;0.0;0.0;0.0;fraca
0;0;0.0;0.0;0.0;0.0;fraca
0;0;0.0;0.0;0.0;0.0;fraca
0;0;0.0;0.0;0.0;0.0;fraca
0;0;0.0;0.0;0.0;0.0;fraca
0;0;0.0;0.0;0.0;0.0;fraca
0;0;0.0;0.0;0.0;0.0;fraca
0;0;0.0;0.0;0.0;0.0;fraca
0;0;0.0;0.0;0.0;0.0;fraca
0;0;0.0;0.0;0.0;0.0;fraca
1;0;0.0;0.0;0.0;0.0;fraca
0;0;0.0;0.0;0.0;0.0;fraca
0;0;0.0;0.0;0.0;0.0;fraca
0;0;0.0;0.0;0.0;0.0;fraca
0;0;0.0;0.0;0.0;0.0;fraca
0;0;0.0;0.0;0.0;0.0;fraca
0;0;0.0;0.0;0.0;0.0;fraca
0;0;0.0;0.0;0.0;0.0;fraca
1;0;0.0;0.0;0.0;0.0;fraca
0;0;0.0;0.0;0.0;0.0;fraca
1;0;0.0;0.0;0.0;0.0;fraca
0;0;0.0;0.0;0.0;0.0;fraca
0;0;0.0;0.0;0.0;0.0;fraca
0;0;0.0;0.0;0.0;0.0;fraca
0;0;0.0;0.0;0.0;0.0;fraca
0;0;0.0;0.0;0.0;0.0;fraca
0;0;0.0;0.0;0.0;0.0;fraca
3;0;0.0;0.0;0.0;0.0;fraca
0;0;0.0;0.0;0.0;0.0;fraca
0;0;0.0;0.0;0.0;0.0;fraca
0;0;0.0;0.0;0.0;0.0;fraca
0;0;0.0;0.0;0.0;0.0;fraca
0;0;0.0;0.0;0.0;0.0;fraca
0;0;0.0;0.0;0.0;0.0;fraca
0;0;0.0;0.0;0.0;0.0;fraca
0;0;0.0;0.0;0.0;0.0;fraca
1;0;0.0;0.0;0.0;0.0;fraca
0;0;0.0;0.0;0.0;0.0;fraca
0;0;0.0;0.0;0.0;0.0;fraca
1;0;0.0;0.0;0.0;0.0;fraca
0;0;0.0;0.0;0.0;0.0;fraca
0;0;0.0;0.0;0.0;0.0;fraca
0;0;0.0;0.0;0.0;0.0;fraca
0;0;0.0;0.0;0.0;0.0;fraca
0;0;0.0;0.0;0.0;0.0;fraca
0;0;0.0;0.0;0.0;0.0;fraca
0;0;0.0;0.0;0.0;0.0;fraca
0;0;0.0;0.0;0.0;0.0;fraca
0;0;0.0;0.0;0.0;0.0;fraca
0;0;0.0;0.0;0.0;0.0;fraca
0;0;0.0;0.0;0.0;0.0;fraca
0;0;0.0;0.0;0.0;0.0;fraca
0;0;0.0;0.0;0.0;0.0;fraca
0;0;0.0;0.0;0.0;0.0;fraca
0;0;0.0;0.0;0.0;0.0;fraca
0;0;0.0;0.0;0.0;0.0;fraca
1;0;0.0;0.0;0.0;0.0;fraca
0;0;0.0;0.0;0.0;0.0;fraca
0;0;0.0;0.0;0.0;0.0;fraca
0;0;0.0;0.0;0.0;0.0;fraca
0;0;0.0;0.0;0.0;0.0;fraca
0;0;0.0;0.0;0.0;0.0;fraca
0;0;0.0;0.0;0.0;0.0;fraca
0;0;0.0;0.0;0.0;0.0;fraca
0;0;0.0;0.0;0.0;0.0;fraca
0;0;0.0;0.0;0.0;0.0;fraca
1;0;0.0;0.0;0.0;0.0;fraca
0;0;0.0;0.0;0.0;0.0;fraca
0;0;0.0;0.0;0.0;0.0;fraca
0;0;0.0;0.0;0.0;0.0;fraca
0;0;0.0;0.0;0.0;0.0;fraca
0;0;0.0;0.0;0.0;0.0;fraca
0;0;0.0;0.0;0.0;0.0;fraca
0;0;0.0;0.0;0.0;0.0;fraca
1;0;0.0;0.0;0.0;0.0;fraca
0;0;0.0;0.0;0.0;0.0;fraca
0;0;0.0;0.0;0.0;0.0;fraca
0;0;0.0;0.0;0.0;0.0;fraca
1;0;0.0;0.0;0.0;0.0;fraca
0;0;0.0;0.0;0.0;0.0;fraca
0;0;0.0;0.0;0.0;0.0;fraca
0;0;0.0;0.0;0.0;0.0;fraca
0;0;0.0;0.0;0.0;0.0;fraca
0;0;0.0;0.0;0.0;0.0;fraca
0;0;0.0;0.0;0.0;0.0;fraca
0;0;0.0;0.0;0.0;0.0;fraca
0;0;0.0;0.0;0.0;0.0;fraca
1;0;0.0;0.0;0.0;0.0;fraca
0;0;0.0;0.0;0.0;0.0;fraca
0;0;0.0;0.0;0.0;0.0;fraca
0;0;0.0;0.0;0.0;0.0;fraca
1;0;0.0;0.0;0.0;0.0;fraca
0;0;0.0;0.0;0.0;0.0;fraca
0;0;0.0;0.0;0.0;0.0;fraca
0;0;0.0;0.0;0.0;0.0;fraca
0;0;0.0;0.0;0.0;0.0;fraca
0;0;0.0;0.0;0.0;0.0;fraca
0;0;0.0;0.0;0.0;0.0;fraca
0;0;0.0;0.0;0.0;0.0;fraca
0;0;0.0;0.0;0.0;0.0;fraca
2;0;0.0;0.0;0.0;0.0;fraca
1;0;0.0;0.0;0.0;0.0;fraca
0;0;0.0;0.0;0.0;0.0;fraca
0;0;0.0;0.0;0.0;0.0;fraca
1;0;0.0;0.0;0.0;0.0;fraca
0;0;0.0;0.0;0.0;0.0;fraca
1;0;0.0;0.0;0.0;0.0;fraca
0;0;0.0;0.0;0.0;0.0;fraca
0;0;0.0;0.0;0.0;0.0;fraca
0;0;0.0;0.0;0.0;0.0;fraca
0;0;0.0;0.0;0.0;0.0;fraca
1;0;0.0;0.0;0.0;0.0;fraca
0;0;0.0;0.0;0.0;0.0;fraca
0;0;0.0;0.0;0.0;0.0;fraca
0;0;0.0;0.0;0.0;0.0;fraca
0;0;0.0;0.0;0.0;0.0;fraca
0;0;0.0;0.0;0.0;0.0;fraca
0;0;0.0;0.0;0.0;0.0;fraca
0;0;0.0;0.0;0.0;0.0;fraca
0;0;0.0;0.0;0.0;0.0;fraca
0;0;0.0;0.0;0.0;0.0;fraca
0;0;0.0;0.0;0.0;0.0;fraca
0;0;0.0;0.0;0.0;0.0;fraca
0;0;0.0;0.0;0.0;0.0;fraca
0;0;0.0;0.0;0.0;0.0;fraca
0;0;0.0;0.0;0.0;0.0;fraca
0;0;0.0;0.0;0.0;0.0;fraca
0;0;0.0;0.0;0.0;0.0;fraca
0;0;0.0;0.0;0.0;0.0;fraca
0;0;0.0;0.0;0.0;0.0;fraca
0;0;0.0;0.0;0.0;0.0;fraca
0;0;0.0;0.0;0.0;0.0;fraca
0;0;0.0;0.0;0.0;0.0;fraca
0;0;0.0;0.0;0.0;0.0;fraca
0;0;0.0;0.0;0.0;0.0;fraca
0;0;0.0;0.0;0.0;0.0;fraca
0;0;0.0;0.0;0.0;0.0;fraca
0;0;0.0;0.0;0.0;0.0;fraca
0;0;0.0;0.0;0.0;0.0;fraca
0;0;0.0;0.0;0.0;0.0;fraca
1;0;0.0;0.0;0.0;0.0;fraca
0;0;0.0;0.0;0.0;0.0;fraca
0;0;0.0;0.0;0.0;0.0;fraca
0;0;0.0;0.0;0.0;0.0;fraca
0;0;0.0;0.0;0.0;0.0;fraca
0;0;0.0;0.0;0.0;0.0;fraca
0;0;0.0;0.0;0.0;0.0;fraca
0;0;0.0;0.0;0.0;0.0;fraca
0;0;0.0;0.0;0.0;0.0;fraca
1;0;0.0;0.0;0.0;0.0;fraca
0;0;0.0;0.0;0.0;0.0;fraca
0;0;0.0;0.0;0.0;0.0;fraca
0;0;0.0;0.0;0.0;0.0;fraca
0;0;0.0;0.0;0.0;0.0;fraca
0;0;0.0;0.0;0.0;0.0;fraca
0;0;0.0;0.0;0.0;0.0;fraca
0;0;0.0;0.0;0.0;0.0;fraca
0;0;0.0;0.0;0.0;0.0;fraca
0;0;0.0;0.0;0.0;0.0;fraca
0;0;0.0;0.0;0.0;0.0;fraca
0;0;0.0;0.0;0.0;0.0;fraca
0;0;0.0;0.0;0.0;0.0;fraca
0;0;0.0;0.0;0.0;0.0;fraca
0;0;0.0;0.0;0.0;0.0;fraca
0;0;0.0;0.0;0.0;0.0;fraca
1;0;0.0;0.0;0.0;0.0;fraca
0;0;0.0;0.0;0.0;0.0;fraca
1;0;0.0;0.0;0.0;0.0;fraca
0;0;0.0;0.0;0.0;0.0;fraca
0;0;0.0;0.0;0.0;0.0;fraca
0;0;0.0;0.0;0.0;0.0;fraca
0;0;0.0;0.0;0.0;0.0;fraca
0;0;0.0;0.0;0.0;0.0;fraca
0;0;0.0;0.0;0.0;0.0;fraca
0;0;0.0;0.0;0.0;0.0;fraca
0;0;0.0;0.0;0.0;0.0;fraca
0;0;0.0;0.0;0.0;0.0;fraca
0;0;0.0;0.0;0.0;0.0;fraca
0;0;0.0;0.0;0.0;0.0;fraca
1;0;0.0;0.0;0.0;0.0;fraca
0;0;0.0;0.0;0.0;0.0;fraca
0;0;0.0;0.0;0.0;0.0;fraca
0;0;0.0;0.0;0.0;0.0;fraca
0;0;0.0;0.0;0.0;0.0;fraca
0;0;0.0;0.0;0.0;0.0;fraca
2;0;0.0;0.0;0.0;0.0;fraca
0;0;0.0;0.0;0.0;0.0;fraca
0;0;0.0;0.0;0.0;0.0;fraca
0;0;0.0;0.0;0.0;0.0;fraca
0;0;0.0;0.0;0.0;0.0;fraca
0;0;0.0;0.0;0.0;0.0;fraca
0;0;0.0;0.0;0.0;0.0;fraca
0;0;0.0;0.0;0.0;0.0;fraca
0;0;0.0;0.0;0.0;0.0;fraca
0;0;0.0;0.0;0.0;0.0;fraca
0;0;0.0;0.0;0.0;0.0;fraca
0;0;0.0;0.0;0.0;0.0;fraca
0;0;0.0;0.0;0.0;0.0;fraca
0;0;0.0;0.0;0.0;0.0;fraca
0;0;0.0;0.0;0.0;0.0;fraca
0;0;0.0;0.0;0.0;0.0;fraca
0;0;0.0;0.0;0.0;0.0;fraca
0;0;0.0;0.0;0.0;0.0;fraca
0;0;0.0;0.0;0.0;0.0;fraca
0;0;0.0;0.0;0.0;0.0;fraca
0;0;0.0;0.0;0.0;0.0;fraca
1;0;0.0;0.0;0.0;0.0;fraca
0;0;0.0;0.0;0.0;0.0;fraca
0;0;0.0;0.0;0.0;0.0;fraca
0;0;0.0;0.0;0.0;0.0;fraca
0;0;0.0;0.0;0.0;0.0;fraca
0;0;0.0;0.0;0.0;0.0;fraca
0;0;0.0;0.0;0.0;0.0;fraca
0;0;0.0;0.0;0.0;0.0;fraca
0;0;0.0;0.0;0.0;0.0;fraca
0;0;0.0;0.0;0.0;0.0;fraca
0;0;0.0;0.0;0.0;0.0;fraca
1;0;0.0;0.0;0.0;0.0;fraca
0;0;0.0;0.0;0.0;0.0;fraca
0;0;0.0;0.0;0.0;0.0;fraca
0;0;0.0;0.0;0.0;0.0;fraca
1;0;0.0;0.0;0.0;0.0;fraca
0;0;0.0;0.0;0.0;0.0;fraca
0;0;0.0;0.0;0.0;0.0;fraca
0;0;0.0;0.0;0.0;0.0;fraca
0;0;0.0;0.0;0.0;0.0;fraca
0;0;0.0;0.0;0.0;0.0;fraca
0;0;0.0;0.0;0.0;0.0;fraca
0;0;0.0;0.0;0.0;0.0;fraca
0;0;0.0;0.0;0.0;0.0;fraca
0;0;0.0;0.0;0.0;0.0;fraca
2;0;0.0;0.0;0.0;0.0;fraca
0;0;0.0;0.0;0.0;0.0;fraca
0;0;0.0;0.0;0.0;0.0;fraca
0;0;0.0;0.0;0.0;0.0;fraca
0;0;0.0;0.0;0.0;0.0;fraca
0;0;0.0;0.0;0.0;0.0;fraca
0;0;0.0;0.0;0.0;0.0;fraca
0;0;0.0;0.0;0.0;0.0;fraca
0;0;0.0;0.0;0.0;0.0;fraca
0;0;0.0;0.0;0.0;0.0;fraca
0;0;0.0;0.0;0.0;0.0;fraca
0;0;0.0;0.0;0.0;0.0;fraca
1;0;0.0;0.0;0.0;0.0;fraca
0;0;0.0;0.0;0.0;0.0;fraca
0;0;0.0;0.0;0.0;0.0;fraca
0;0;0.0;0.0;0.0;0.0;fraca
0;0;0.0;0.0;0.0;0.0;fraca
0;0;0.0;0.0;0.0;0.0;fraca
0;0;0.0;0.0;0.0;0.0;fraca
0;0;0.0;0.0;0.0;0.0;fraca
0;0;0.0;0.0;0.0;0.0;fraca
0;0;0.0;0.0;0.0;0.0;fraca
0;0;0.0;0.0;0.0;0.0;fraca
0;0;0.0;0.0;0.0;0.0;fraca
0;0;0.0;0.0;0.0;0.0;fraca
0;0;0.0;0.0;0.0;0.0;fraca
0;0;0.0;0.0;0.0;0.0;fraca
0;0;0.0;0.0;0.0;0.0;fraca
0;0;0.0;0.0;0.0;0.0;fraca
0;0;0.0;0.0;0.0;0.0;fraca
0;0;0.0;0.0;0.0;0.0;fraca
0;0;0.0;0.0;0.0;0.0;fraca
0;0;0.0;0.0;0.0;0.0;fraca
0;0;0.0;0.0;0.0;0.0;fraca
0;0;0.0;0.0;0.0;0.0;fraca
0;0;0.0;0.0;0.0;0.0;fraca
0;0;0.0;0.0;0.0;0.0;fraca
0;0;0.0;0.0;0.0;0.0;fraca
0;0;0.0;0.0;0.0;0.0;fraca
0;0;0.0;0.0;0.0;0.0;fraca
0;0;0.0;0.0;0.0;0.0;fraca
0;0;0.0;0.0;0.0;0.0;fraca
0;0;0.0;0.0;0.0;0.0;fraca
0;0;0.0;0.0;0.0;0.0;fraca
0;0;0.0;0.0;0.0;0.0;fraca
0;0;0.0;0.0;0.0;0.0;fraca
0;0;0.0;0.0;0.0;0.0;fraca
1;0;0.0;0.0;0.0;0.0;fraca
1;0;0.0;0.0;0.0;0.0;fraca
0;0;0.0;0.0;0.0;0.0;fraca
0;0;0.0;0.0;0.0;0.0;fraca
0;0;0.0;0.0;0.0;0.0;fraca
0;0;0.0;0.0;0.0;0.0;fraca
0;0;0.0;0.0;0.0;0.0;fraca
0;0;0.0;0.0;0.0;0.0;fraca
0;0;0.0;0.0;0.0;0.0;fraca
0;0;0.0;0.0;0.0;0.0;fraca
0;0;0.0;0.0;0.0;0.0;fraca
0;0;0.0;0.0;0.0;0.0;fraca
0;0;0.0;0.0;0.0;0.0;fraca
0;0;0.0;0.0;0.0;0.0;fraca
0;0;0.0;0.0;0.0;0.0;fraca
0;0;0.0;0.0;0.0;0.0;fraca
0;0;0.0;0.0;0.0;0.0;fraca
0;0;0.0;0.0;0.0;0.0;fraca
0;0;0.0;0.0;0.0;0.0;fraca
0;0;0.0;0.0;0.0;0.0;fraca
0;0;0.0;0.0;0.0;0.0;fraca
0;0;0.0;0.0;0.0;0.0;fraca
0;0;0.0;0.0;0.0;0.0;fraca
0;0;0.0;0.0;0.0;0.0;fraca
0;0;0.0;0.0;0.0;0.0;fraca
0;0;0.0;0.0;0.0;0.0;fraca
0;0;0.0;0.0;0.0;0.0;fraca
0;0;0.0;0.0;0.0;0.0;fraca
0;0;0.0;0.0;0.0;0.0;fraca
0;0;0.0;0.0;0.0;0.0;fraca
0;0;0.0;0.0;0.0;0.0;fraca
0;0;0.0;0.0;0.0;0.0;fraca
1;0;0.0;0.0;0.0;0.0;fraca
0;0;0.0;0.0;0.0;0.0;fraca
0;0;0.0;0.0;0.0;0.0;fraca
0;0;0.0;0.0;0.0;0.0;fraca
1;0;0.0;0.0;0.0;0.0;fraca
0;0;0.0;0.0;0.0;0.0;fraca
0;0;0.0;0.0;0.0;0.0;fraca
0;0;0.0;0.0;0.0;0.0;fraca
0;0;0.0;0.0;0.0;0.0;fraca
0;0;0.0;0.0;0.0;0.0;fraca
0;0;0.0;0.0;0.0;0.0;fraca
0;0;0.0;0.0;0.0;0.0;fraca
0;0;0.0;0.0;0.0;0.0;fraca
0;0;0.0;0.0;0.0;0.0;fraca
0;0;0.0;0.0;0.0;0.0;fraca
0;0;0.0;0.0;0.0;0.0;fraca
0;0;0.0;0.0;0.0;0.0;fraca
0;0;0.0;0.0;0.0;0.0;fraca
0;0;0.0;0.0;0.0;0.0;fraca
0;0;0.0;0.0;0.0;0.0;fraca
0;0;0.0;0.0;0.0;0.0;fraca
0;0;0.0;0.0;0.0;0.0;fraca
0;0;0.0;0.0;0.0;0.0;fraca
0;0;0.0;0.0;0.0;0.0;fraca
0;0;0.0;0.0;0.0;0.0;fraca
0;0;0.0;0.0;0.0;0.0;fraca
0;0;0.0;0.0;0.0;0.0;fraca
0;0;0.0;0.0;0.0;0.0;fraca
0;0;0.0;0.0;0.0;0.0;fraca
0;0;0.0;0.0;0.0;0.0;fraca
0;0;0.0;0.0;0.0;0.0;fraca
1;0;0.0;0.0;0.0;0.0;fraca
0;0;0.0;0.0;0.0;0.0;fraca
0;0;0.0;0.0;0.0;0.0;fraca
1;0;0.0;0.0;0.0;0.0;fraca
1;0;0.0;0.0;0.0;0.0;fraca
0;0;0.0;0.0;0.0;0.0;fraca
4;0;0.0;0.0;0.0;0.0;fraca
1;0;0.0;0.0;0.0;0.0;fraca
0;0;0.0;0.0;0.0;0.0;fraca
0;0;0.0;0.0;0.0;0.0;fraca
0;0;0.0;0.0;0.0;0.0;fraca
0;0;0.0;0.0;0.0;0.0;fraca
0;0;0.0;0.0;0.0;0.0;fraca
0;0;0.0;0.0;0.0;0.0;fraca
0;0;0.0;0.0;0.0;0.0;fraca
1;0;0.0;0.0;0.0;0.0;fraca
0;0;0.0;0.0;0.0;0.0;fraca
0;0;0.0;0.0;0.0;0.0;fraca
0;0;0.0;0.0;0.0;0.0;fraca
0;0;0.0;0.0;0.0;0.0;fraca
0;0;0.0;0.0;0.0;0.0;fraca
0;0;0.0;0.0;0.0;0.0;fraca
0;0;0.0;0.0;0.0;0.0;fraca
0;0;0.0;0.0;0.0;0.0;fraca
0;0;0.0;0.0;0.0;0.0;fraca
0;0;0.0;0.0;0.0;0.0;fraca
0;0;0.0;0.0;0.0;0.0;fraca
0;0;0.0;0.0;0.0;0.0;fraca
0;0;0.0;0.0;0.0;0.0;fraca
0;0;0.0;0.0;0.0;0.0;fraca
0;0;0.0;0.0;0.0;0.0;fraca
0;0;0.0;0.0;0.0;0.0;fraca
0;0;0.0;0.0;0.0;0.0;fraca
0;0;0.0;0.0;0.0;0.0;fraca
0;0;0.0;0.0;0.0;0.0;fraca
0;0;0.0;0.0;0.0;0.0;fraca
0;0;0.0;0.0;0.0;0.0;fraca
0;0;0.0;0.0;0.0;0.0;fraca
0;0;0.0;0.0;0.0;0.0;fraca
1;0;0.0;0.0;0.0;0.0;fraca
0;0;0.0;0.0;0.0;0.0;fraca
0;0;0.0;0.0;0.0;0.0;fraca
0;0;0.0;0.0;0.0;0.0;fraca
0;0;0.0;0.0;0.0;0.0;fraca
0;0;0.0;0.0;0.0;0.0;fraca
0;0;0.0;0.0;0.0;0.0;fraca
0;0;0.0;0.0;0.0;0.0;fraca
0;0;0.0;0.0;0.0;0.0;fraca
6;0;0.0;0.0;0.0;0.0;fraca
0;0;0.0;0.0;0.0;0.0;fraca
0;0;0.0;0.0;0.0;0.0;fraca
0;0;0.0;0.0;0.0;0.0;fraca
0;0;0.0;0.0;0.0;0.0;fraca
0;0;0.0;0.0;0.0;0.0;fraca
0;0;0.0;0.0;0.0;0.0;fraca
0;0;0.0;0.0;0.0;0.0;fraca
0;0;0.0;0.0;0.0;0.0;fraca
0;0;0.0;0.0;0.0;0.0;fraca
0;0;0.0;0.0;0.0;0.0;fraca
0;0;0.0;0.0;0.0;0.0;fraca
0;0;0.0;0.0;0.0;0.0;fraca
0;0;0.0;0.0;0.0;0.0;fraca
0;0;0.0;0.0;0.0;0.0;fraca
0;0;0.0;0.0;0.0;0.0;fraca
0;0;0.0;0.0;0.0;0.0;fraca
1;0;0.0;0.0;0.0;0.0;fraca
0;0;0.0;0.0;0.0;0.0;fraca
0;0;0.0;0.0;0.0;0.0;fraca
0;0;0.0;0.0;0.0;0.0;fraca
0;0;0.0;0.0;0.0;0.0;fraca
1;0;0.0;0.0;0.0;0.0;fraca
0;0;0.0;0.0;0.0;0.0;fraca
0;0;0.0;0.0;0.0;0.0;fraca
0;0;0.0;0.0;0.0;0.0;fraca
0;0;0.0;0.0;0.0;0.0;fraca
0;0;0.0;0.0;0.0;0.0;fraca
0;0;0.0;0.0;0.0;0.0;fraca
2;0;0.0;0.0;0.0;0.0;fraca
0;0;0.0;0.0;0.0;0.0;fraca
0;0;0.0;0.0;0.0;0.0;fraca
0;0;0.0;0.0;0.0;0.0;fraca
0;0;0.0;0.0;0.0;0.0;fraca
0;0;0.0;0.0;0.0;0.0;fraca
0;0;0.0;0.0;0.0;0.0;fraca
0;0;0.0;0.0;0.0;0.0;fraca
0;0;0.0;0.0;0.0;0.0;fraca
0;0;0.0;0.0;0.0;0.0;fraca
0;0;0.0;0.0;0.0;0.0;fraca
0;0;0.0;0.0;0.0;0.0;fraca
0;0;0.0;0.0;0.0;0.0;fraca
0;0;0.0;0.0;0.0;0.0;fraca
0;0;0.0;0.0;0.0;0.0;fraca
0;0;0.0;0.0;0.0;0.0;fraca
0;0;0.0;0.0;0.0;0.0;fraca
0;0;0.0;0.0;0.0;0.0;fraca
0;0;0.0;0.0;0.0;0.0;fraca
0;0;0.0;0.0;0.0;0.0;fraca
0;0;0.0;0.0;0.0;0.0;fraca
0;0;0.0;0.0;0.0;0.0;fraca
1;0;0.0;0.0;0.0;0.0;fraca
0;0;0.0;0.0;0.0;0.0;fraca
0;0;0.0;0.0;0.0;0.0;fraca
0;0;0.0;0.0;0.0;0.0;fraca
0;0;0.0;0.0;0.0;0.0;fraca
0;0;0.0;0.0;0.0;0.0;fraca
0;0;0.0;0.0;0.0;0.0;fraca
0;0;0.0;0.0;0.0;0.0;fraca
0;0;0.0;0.0;0.0;0.0;fraca
0;0;0.0;0.0;0.0;0.0;fraca
0;0;0.0;0.0;0.0;0.0;fraca
0;0;0.0;0.0;0.0;0.0;fraca
0;0;0.0;0.0;0.0;0.0;fraca
0;0;0.0;0.0;0.0;0.0;fraca
0;0;0.0;0.0;0.0;0.0;fraca
0;0;0.0;0.0;0.0;0.0;fraca
0;0;0.0;0.0;0.0;0.0;fraca
0;0;0.0;0.0;0.0;0.0;fraca
0;0;0.0;0.0;0.0;0.0;fraca
0;0;0.0;0.0;0.0;0.0;fraca
0;0;0.0;0.0;0.0;0.0;fraca
1;0;0.0;0.0;0.0;0.0;fraca
0;0;0.0;0.0;0.0;0.0;fraca
0;0;0.0;0.0;0.0;0.0;fraca
0;0;0.0;0.0;0.0;0.0;fraca
0;0;0.0;0.0;0.0;0.0;fraca
0;0;0.0;0.0;0.0;0.0;fraca
0;0;0.0;0.0;0.0;0.0;fraca
1;0;0.0;0.0;0.0;0.0;fraca
0;0;0.0;0.0;0.0;0.0;fraca
0;0;0.0;0.0;0.0;0.0;fraca
0;0;0.0;0.0;0.0;0.0;fraca
0;0;0.0;0.0;0.0;0.0;fraca
0;0;0.0;0.0;0.0;0.0;fraca
0;0;0.0;0.0;0.0;0.0;fraca
0;0;0.0;0.0;0.0;0.0;fraca
0;0;0.0;0.0;0.0;0.0;fraca
0;0;0.0;0.0;0.0;0.0;fraca
0;0;0.0;0.0;0.0;0.0;fraca
0;0;0.0;0.0;0.0;0.0;fraca
0;0;0.0;0.0;0.0;0.0;fraca
0;0;0.0;0.0;0.0;0.0;fraca
0;0;0.0;0.0;0.0;0.0;fraca
0;0;0.0;0.0;0.0;0.0;fraca
0;0;0.0;0.0;0.0;0.0;fraca
0;0;0.0;0.0;0.0;0.0;fraca
0;0;0.0;0.0;0.0;0.0;fraca
0;0;0.0;0.0;0.0;0.0;fraca
0;0;0.0;0.0;0.0;0.0;fraca
0;0;0.0;0.0;0.0;0.0;fraca
0;0;0.0;0.0;0.0;0.0;fraca
0;0;0.0;0.0;0.0;0.0;fraca
0;0;0.0;0.0;0.0;0.0;fraca
0;0;0.0;0.0;0.0;0.0;fraca
0;0;0.0;0.0;0.0;0.0;fraca
0;0;0.0;0.0;0.0;0.0;fraca
0;0;0.0;0.0;0.0;0.0;fraca
0;0;0.0;0.0;0.0;0.0;fraca
0;0;0.0;0.0;0.0;0.0;fraca
0;0;0.0;0.0;0.0;0.0;fraca
0;0;0.0;0.0;0.0;0.0;fraca
0;0;0.0;0.0;0.0;0.0;fraca
0;0;0.0;0.0;0.0;0.0;fraca
0;0;0.0;0.0;0.0;0.0;fraca
1;0;0.0;0.0;0.0;0.0;fraca
0;0;0.0;0.0;0.0;0.0;fraca
0;0;0.0;0.0;0.0;0.0;fraca
0;0;0.0;0.0;0.0;0.0;fraca
0;0;0.0;0.0;0.0;0.0;fraca
0;0;0.0;0.0;0.0;0.0;fraca
0;0;0.0;0.0;0.0;0.0;fraca
0;0;0.0;0.0;0.0;0.0;fraca
1;0;0.0;0.0;0.0;0.0;fraca
0;0;0.0;0.0;0.0;0.0;fraca
0;0;0.0;0.0;0.0;0.0;fraca
0;0;0.0;0.0;0.0;0.0;fraca
0;0;0.0;0.0;0.0;0.0;fraca
0;0;0.0;0.0;0.0;0.0;fraca
0;0;0.0;0.0;0.0;0.0;fraca
0;0;0.0;0.0;0.0;0.0;fraca
0;0;0.0;0.0;0.0;0.0;fraca
0;0;0.0;0.0;0.0;0.0;fraca
1;0;0.0;0.0;0.0;0.0;fraca
0;0;0.0;0.0;0.0;0.0;fraca
0;0;0.0;0.0;0.0;0.0;fraca
0;0;0.0;0.0;0.0;0.0;fraca
0;0;0.0;0.0;0.0;0.0;fraca
0;0;0.0;0.0;0.0;0.0;fraca
0;0;0.0;0.0;0.0;0.0;fraca
0;0;0.0;0.0;0.0;0.0;fraca
0;0;0.0;0.0;0.0;0.0;fraca
0;0;0.0;0.0;0.0;0.0;fraca
0;0;0.0;0.0;0.0;0.0;fraca
0;0;0.0;0.0;0.0;0.0;fraca
0;0;0.0;0.0;0.0;0.0;fraca
0;0;0.0;0.0;0.0;0.0;fraca
0;0;0.0;0.0;0.0;0.0;fraca
0;0;0.0;0.0;0.0;0.0;fraca
0;0;0.0;0.0;0.0;0.0;fraca
0;0;0.0;0.0;0.0;0.0;fraca
0;0;0.0;0.0;0.0;0.0;fraca
0;0;0.0;0.0;0.0;0.0;fraca
0;0;0.0;0.0;0.0;0.0;fraca
0;0;0.0;0.0;0.0;0.0;fraca
0;0;0.0;0.0;0.0;0.0;fraca
0;0;0.0;0.0;0.0;0.0;fraca
1;0;0.0;0.0;0.0;0.0;fraca
0;0;0.0;0.0;0.0;0.0;fraca
0;0;0.0;0.0;0.0;0.0;fraca
0;0;0.0;0.0;0.0;0.0;fraca
0;0;0.0;0.0;0.0;0.0;fraca
0;0;0.0;0.0;0.0;0.0;fraca
0;0;0.0;0.0;0.0;0.0;fraca
0;0;0.0;0.0;0.0;0.0;fraca
0;0;0.0;0.0;0.0;0.0;fraca
0;0;0.0;0.0;0.0;0.0;fraca
0;0;0.0;0.0;0.0;0.0;fraca
1;0;0.0;0.0;0.0;0.0;fraca
0;0;0.0;0.0;0.0;0.0;fraca
7;0;0.0;0.0;0.0;0.0;fraca
0;0;0.0;0.0;0.0;0.0;fraca
0;0;0.0;0.0;0.0;0.0;fraca
0;0;0.0;0.0;0.0;0.0;fraca
0;0;0.0;0.0;0.0;0.0;fraca
0;0;0.0;0.0;0.0;0.0;fraca
0;0;0.0;0.0;0.0;0.0;fraca
0;0;0.0;0.0;0.0;0.0;fraca
0;0;0.0;0.0;0.0;0.0;fraca
0;0;0.0;0.0;0.0;0.0;fraca
0;0;0.0;0.0;0.0;0.0;fraca
0;0;0.0;0.0;0.0;0.0;fraca
0;0;0.0;0.0;0.0;0.0;fraca
0;0;0.0;0.0;0.0;0.0;fraca
0;0;0.0;0.0;0.0;0.0;fraca
0;0;0.0;0.0;0.0;0.0;fraca
0;0;0.0;0.0;0.0;0.0;fraca
0;0;0.0;0.0;0.0;0.0;fraca
1;0;0.0;0.0;0.0;0.0;fraca
1;0;0.0;0.0;0.0;0.0;fraca
0;0;0.0;0.0;0.0;0.0;fraca
0;0;0.0;0.0;0.0;0.0;fraca
0;0;0.0;0.0;0.0;0.0;fraca
0;0;0.0;0.0;0.0;0.0;fraca
0;0;0.0;0.0;0.0;0.0;fraca
0;0;0.0;0.0;0.0;0.0;fraca
0;0;0.0;0.0;0.0;0.0;fraca
0;0;0.0;0.0;0.0;0.0;fraca
0;0;0.0;0.0;0.0;0.0;fraca
0;0;0.0;0.0;0.0;0.0;fraca
0;0;0.0;0.0;0.0;0.0;fraca
0;0;0.0;0.0;0.0;0.0;fraca
0;0;0.0;0.0;0.0;0.0;fraca
0;0;0.0;0.0;0.0;0.0;fraca
0;0;0.0;0.0;0.0;0.0;fraca
0;0;0.0;0.0;0.0;0.0;fraca
0;0;0.0;0.0;0.0;0.0;fraca
0;0;0.0;0.0;0.0;0.0;fraca
0;0;0.0;0.0;0.0;0.0;fraca
0;0;0.0;0.0;0.0;0.0;fraca
0;0;0.0;0.0;0.0;0.0;fraca
0;0;0.0;0.0;0.0;0.0;fraca
0;0;0.0;0.0;0.0;0.0;fraca
0;0;0.0;0.0;0.0;0.0;fraca
0;0;0.0;0.0;0.0;0.0;fraca
0;0;0.0;0.0;0.0;0.0;fraca
0;0;0.0;0.0;0.0;0.0;fraca
0;0;0.0;0.0;0.0;0.0;fraca
0;0;0.0;0.0;0.0;0.0;fraca
0;0;0.0;0.0;0.0;0.0;fraca
0;0;0.0;0.0;0.0;0.0;fraca
0;0;0.0;0.0;0.0;0.0;fraca
0;0;0.0;0.0;0.0;0.0;fraca
0;0;0.0;0.0;0.0;0.0;fraca
1;0;0.0;0.0;0.0;0.0;fraca
0;0;0.0;0.0;0.0;0.0;fraca
0;0;0.0;0.0;0.0;0.0;fraca
0;0;0.0;0.0;0.0;0.0;fraca
0;0;0.0;0.0;0.0;0.0;fraca
0;0;0.0;0.0;0.0;0.0;fraca
0;0;0.0;0.0;0.0;0.0;fraca
0;0;0.0;0.0;0.0;0.0;fraca
0;0;0.0;0.0;0.0;0.0;fraca
0;0;0.0;0.0;0.0;0.0;fraca
0;0;0.0;0.0;0.0;0.0;fraca
0;0;0.0;0.0;0.0;0.0;fraca
0;0;0.0;0.0;0.0;0.0;fraca
0;0;0.0;0.0;0.0;0.0;fraca
0;0;0.0;0.0;0.0;0.0;fraca
0;0;0.0;0.0;0.0;0.0;fraca
0;0;0.0;0.0;0.0;0.0;fraca
1;0;0.0;0.0;0.0;0.0;fraca
0;0;0.0;0.0;0.0;0.0;fraca
0;0;0.0;0.0;0.0;0.0;fraca
0;0;0.0;0.0;0.0;0.0;fraca
0;0;0.0;0.0;0.0;0.0;fraca
0;0;0.0;0.0;0.0;0.0;fraca
0;0;0.0;0.0;0.0;0.0;fraca
0;0;0.0;0.0;0.0;0.0;fraca
0;0;0.0;0.0;0.0;0.0;fraca
1;0;0.0;0.0;0.0;0.0;fraca
0;0;0.0;0.0;0.0;0.0;fraca
0;0;0.0;0.0;0.0;0.0;fraca
0;0;0.0;0.0;0.0;0.0;fraca
0;0;0.0;0.0;0.0;0.0;fraca
0;0;0.0;0.0;0.0;0.0;fraca
0;0;0.0;0.0;0.0;0.0;fraca
0;0;0.0;0.0;0.0;0.0;fraca
1;0;0.0;0.0;0.0;0.0;fraca
0;0;0.0;0.0;0.0;0.0;fraca
0;0;0.0;0.0;0.0;0.0;fraca
0;0;0.0;0.0;0.0;0.0;fraca
1;0;0.0;0.0;0.0;0.0;fraca
0;0;0.0;0.0;0.0;0.0;fraca
0;0;0.0;0.0;0.0;0.0;fraca
0;0;0.0;0.0;0.0;0.0;fraca
0;0;0.0;0.0;0.0;0.0;fraca
0;0;0.0;0.0;0.0;0.0;fraca
0;0;0.0;0.0;0.0;0.0;fraca
0;0;0.0;0.0;0.0;0.0;fraca
0;0;0.0;0.0;0.0;0.0;fraca
0;0;0.0;0.0;0.0;0.0;fraca
0;0;0.0;0.0;0.0;0.0;fraca
3;0;0.0;0.0;0.0;0.0;fraca
0;0;0.0;0.0;0.0;0.0;fraca
0;0;0.0;0.0;0.0;0.0;fraca
0;0;0.0;0.0;0.0;0.0;fraca
0;0;0.0;0.0;0.0;0.0;fraca
1;0;0.0;0.0;0.0;0.0;fraca
0;0;0.0;0.0;0.0;0.0;fraca
0;0;0.0;0.0;0.0;0.0;fraca
0;0;0.0;0.0;0.0;0.0;fraca
0;0;0.0;0.0;0.0;0.0;fraca
0;0;0.0;0.0;0.0;0.0;fraca
0;0;0.0;0.0;0.0;0.0;fraca
0;0;0.0;0.0;0.0;0.0;fraca
0;0;0.0;0.0;0.0;0.0;fraca
0;0;0.0;0.0;0.0;0.0;fraca
0;0;0.0;0.0;0.0;0.0;fraca
0;0;0.0;0.0;0.0;0.0;fraca
0;0;0.0;0.0;0.0;0.0;fraca
0;0;0.0;0.0;0.0;0.0;fraca
0;0;0.0;0.0;0.0;0.0;fraca
0;0;0.0;0.0;0.0;0.0;fraca
0;0;0.0;0.0;0.0;0.0;fraca
0;0;0.0;0.0;0.0;0.0;fraca
0;0;0.0;0.0;0.0;0.0;fraca
0;0;0.0;0.0;0.0;0.0;fraca
0;0;0.0;0.0;0.0;0.0;fraca
0;0;0.0;0.0;0.0;0.0;fraca
0;0;0.0;0.0;0.0;0.0;fraca
0;0;0.0;0.0;0.0;0.0;fraca
0;0;0.0;0.0;0.0;0.0;fraca
0;0;0.0;0.0;0.0;0.0;fraca
1;0;0.0;0.0;0.0;0.0;fraca
0;0;0.0;0.0;0.0;0.0;fraca
0;0;0.0;0.0;0.0;0.0;fraca
0;0;0.0;0.0;0.0;0.0;fraca
1;0;0.0;0.0;0.0;0.0;fraca
0;0;0.0;0.0;0.0;0.0;fraca
0;0;0.0;0.0;0.0;0.0;fraca
0;0;0.0;0.0;0.0;0.0;fraca
0;0;0.0;0.0;0.0;0.0;fraca
0;0;0.0;0.0;0.0;0.0;fraca
1;0;0.0;0.0;0.0;0.0;fraca
0;0;0.0;0.0;0.0;0.0;fraca
0;0;0.0;0.0;0.0;0.0;fraca
0;0;0.0;0.0;0.0;0.0;fraca
0;0;0.0;0.0;0.0;0.0;fraca
0;0;0.0;0.0;0.0;0.0;fraca
0;0;0.0;0.0;0.0;0.0;fraca
0;0;0.0;0.0;0.0;0.0;fraca
0;0;0.0;0.0;0.0;0.0;fraca
0;0;0.0;0.0;0.0;0.0;fraca
0;0;0.0;0.0;0.0;0.0;fraca
0;0;0.0;0.0;0.0;0.0;fraca
0;0;0.0;0.0;0.0;0.0;fraca
0;0;0.0;0.0;0.0;0.0;fraca
0;0;0.0;0.0;0.0;0.0;fraca
0;0;0.0;0.0;0.0;0.0;fraca
2;0;0.0;0.0;0.0;0.0;fraca
0;0;0.0;0.0;0.0;0.0;fraca
0;0;0.0;0.0;0.0;0.0;fraca
0;0;0.0;0.0;0.0;0.0;fraca
0;0;0.0;0.0;0.0;0.0;fraca
2;0;0.0;0.0;0.0;0.0;fraca
0;0;0.0;0.0;0.0;0.0;fraca
1;0;0.0;0.0;0.0;0.0;fraca
0;0;0.0;0.0;0.0;0.0;fraca
0;0;0.0;0.0;0.0;0.0;fraca
0;0;0.0;0.0;0.0;0.0;fraca
0;0;0.0;0.0;0.0;0.0;fraca
0;0;0.0;0.0;0.0;0.0;fraca
0;0;0.0;0.0;0.0;0.0;fraca
0;0;0.0;0.0;0.0;0.0;fraca
0;0;0.0;0.0;0.0;0.0;fraca
0;0;0.0;0.0;0.0;0.0;fraca
0;0;0.0;0.0;0.0;0.0;fraca
0;0;0.0;0.0;0.0;0.0;fraca
0;0;0.0;0.0;0.0;0.0;fraca
0;0;0.0;0.0;0.0;0.0;fraca
0;0;0.0;0.0;0.0;0.0;fraca
1;0;0.0;0.0;0.0;0.0;fraca
0;0;0.0;0.0;0.0;0.0;fraca
0;0;0.0;0.0;0.0;0.0;fraca
0;0;0.0;0.0;0.0;0.0;fraca
1;0;0.0;0.0;0.0;0.0;fraca
0;0;0.0;0.0;0.0;0.0;fraca
0;0;0.0;0.0;0.0;0.0;fraca
0;0;0.0;0.0;0.0;0.0;fraca
0;0;0.0;0.0;0.0;0.0;fraca
0;0;0.0;0.0;0.0;0.0;fraca
2;0;0.0;0.0;0.0;0.0;fraca
0;0;0.0;0.0;0.0;0.0;fraca
